002ecc28db538450d17be1c2ca96194e,2020-02-27 14:41:13
008dca27dbf204103e459ec2ca961907,2020-02-12 11:08:07
00db0523dbe6c090d17be1c2ca96195f,2020-01-30 20:05:24
00eeaa4bdbae00903e459ec2ca961915,2020-03-30 07:29:57
0118c3b3db360410d17be1c2ca961907,2020-02-13 10:02:32
014622e3db72c010d17be1c2ca961972,2020-02-12 12:56:20
01ae64e2dbe68c503e459ec2ca96199f,2020-01-28 07:21:08
01c8c247db1fcc503e459ec2ca961979,2020-03-06 18:01:50
021e077bdb360410d17be1c2ca96193a,2020-02-13 10:28:47
024f2a4bdbae00903e459ec2ca961997,2020-03-30 07:29:57
025b8a27db03c0503e459ec2ca9619ae,2020-02-24 21:14:23
028c7547dbfa00103e459ec2ca96197a,2020-02-10 20:36:59
034ed3fbdb760410d17be1c2ca96197e,2020-02-13 11:39:37
038d873bdb360410d17be1c2ca96192b,2020-02-13 10:26:25
03d23eafdb7604103e459ec2ca961947,2020-02-12 13:51:20
041d5227db3604103e459ec2ca96194c,2020-02-12 12:16:07
0452d26fdbfe8010d17be1c2ca9619ad,2020-02-12 11:29:08
049f1230dbdbc4503e459ec2ca961934,2020-02-28 19:55:09
04c5b2e3dbb604103e459ec2ca96193c,2020-02-12 14:03:58
04dde60bdbae00903e459ec2ca9619fe,2020-03-30 07:28:07
0512e233dbfb8410d17be1c2ca96197e,2020-04-03 00:19:18
05df3b46db330010d17be1c2ca961968,2020-05-07 09:59:30
067276afdb7604103e459ec2ca961971,2020-02-12 13:49:36
06c660e6db26cc50d17be1c2ca9619ca,2020-01-30 18:39:14
06f22cfadbe20090d17be1c2ca96197c,2020-01-28 10:04:06
0723ecfadbe20090d17be1c2ca9619fe,2020-01-28 10:04:06
07c968aedba68c503e459ec2ca961918,2020-01-28 06:43:39
085f5b3fdb760410d17be1c2ca9619a4,2020-02-13 11:44:03
088d22e7db7604103e459ec2ca961968,2020-02-12 13:27:56
095b166ddb8f8810d17be1c2ca961983,2020-02-18 17:16:22
096a2bf7dbb60410d17be1c2ca961911,2020-02-13 12:32:25
09bc4a67db03c0503e459ec2ca961934,2020-02-24 21:20:19
09ed1267db3604103e459ec2ca9619e8,2020-02-12 12:19:44
0a09cf72dbee0090d17be1c2ca961975,2020-01-28 21:17:04
0a152ec7db2e4090d17be1c2ca96194f,2020-03-30 07:28:06
0aae673fdbb60410d17be1c2ca961904,2020-02-13 12:51:03
0ab4aa2fdb3604103e459ec2ca9619c3,2020-02-12 12:49:35
0abf026bdb03c0503e459ec2ca961937,2020-02-24 21:33:29
0ae3c2abdbb204103e459ec2ca96194d,2020-02-12 10:26:12
0b77e623db7604103e459ec2ca9619dd,2020-02-12 13:01:38
0bde00aedb268c503e459ec2ca9619a6,2020-01-28 07:24:42
0c0f7aafdbb2c010d17be1c2ca961931,2020-02-12 14:44:25
0d54f58fdbaa00903e459ec2ca9619a5,2020-02-10 14:23:02
0d6deea7db7604103e459ec2ca9619f6,2020-02-12 13:27:28
0db6fce4db2e84503e459ec2ca9619cf,2020-01-21 10:51:26
0dee2ce2dbe68c503e459ec2ca96197c,2020-01-28 07:21:08
0e1816efdbf204103e459ec2ca9619db,2020-02-12 11:54:25
0e2e9bbbdb760410d17be1c2ca9619ba,2020-02-13 11:39:00
0e44262fdb3604103e459ec2ca9619fd,2020-02-12 12:47:40
0e9ddb7bdb760410d17be1c2ca9619ec,2020-02-13 11:36:33
0e9e886edb268c503e459ec2ca96198a,2020-01-28 07:24:42
0eb9ba2bdbb2c010d17be1c2ca96195a,2020-02-12 14:21:19
0ecfadefdb4c1c10d17be1c2ca9619ca,2020-04-14 12:16:46
0fb9c337db360410d17be1c2ca9619ea,2020-02-13 10:09:46
100546ebdbb204103e459ec2ca9619b6,2020-02-12 10:31:00
1126a866db26cc50d17be1c2ca961900,2020-01-27 18:42:14
11340aabdbb204103e459ec2ca9619b1,2020-02-12 10:27:31
115dd627db3604103e459ec2ca961907,2020-02-12 12:17:18
11c5ff16db1f4c50d17be1c2ca961925,2020-03-04 18:02:39
11f4a6c7db2e4090d17be1c2ca9619ab,2020-03-30 07:28:06
123a846adb268c503e459ec2ca961912,2020-01-28 07:24:44
138e886edb268c503e459ec2ca961921,2020-01-28 07:24:42
139d8563dbe6c090d17be1c2ca961948,2020-01-30 20:13:17
13be966bdb32c010d17be1c2ca961917,2020-02-12 12:23:26
140d7eebdbb2c010d17be1c2ca96194b,2020-02-12 14:35:41
1436eea3db72c010d17be1c2ca96197f,2020-02-12 12:56:01
1444b55edb1a8c10d17be1c2ca9619e5,2020-01-21 14:37:58
148179afdb4f80503e459ec2ca961917,2020-02-24 19:21:29
1568b155dbcb88103e459ec2ca961953,2020-02-17 20:05:28
163d4036dba20090d17be1c2ca961981,2020-01-28 07:36:31
165b164fdbea4090d17be1c2ca96197c,2020-03-30 07:28:04
1698cfb3db360410d17be1c2ca961906,2020-02-13 10:04:48
16a68a43db3e00103e459ec2ca96199e,2020-02-10 21:21:15
17646ce7dbe2c090d17be1c2ca9619af,2020-01-30 17:13:20
17e66a27db72c010d17be1c2ca961970,2020-02-12 12:59:13
17ee9e77db3b8410d17be1c2ca96193a,2020-04-03 00:19:17
17f3aeebdb3604103e459ec2ca9619bf,2020-02-12 12:46:24
1884caabdbb204103e459ec2ca9619ba,2020-02-12 10:28:48
188aabf7dbb60410d17be1c2ca961971,2020-02-13 12:32:55
18e4f2a3dbb604103e459ec2ca9619ae,2020-02-12 14:00:11
190e5fbbdb760410d17be1c2ca96192b,2020-02-13 11:38:24
193b45efdba6c090d17be1c2ca961918,2020-01-30 20:02:46
1950b3c6db1f0c50d17be1c2ca961901,2020-03-03 23:00:25
199e1bfbdb760410d17be1c2ca9619cb,2020-02-13 11:40:51
1a2786efdbbe8010d17be1c2ca9619bd,2020-02-12 10:55:03
1a8d450bdba64090d17be1c2ca9619cf,2020-02-10 14:23:02
1b2caf37dbff8410d17be1c2ca9619b1,2020-04-03 14:41:00
1b38a42adb26cc50d17be1c2ca961978,2020-01-27 14:56:04
1b5eeffbdbb60410d17be1c2ca961924,2020-02-13 12:49:46
1b7bca27db03c0503e459ec2ca9619ef,2020-02-24 21:15:00
1ba2a4fadbe20090d17be1c2ca961947,2020-01-28 10:04:06
1cdb0a67db03c0503e459ec2ca961996,2020-02-24 21:16:27
1d382e63db7604103e459ec2ca9619d6,2020-02-12 13:04:48
1d8862a3db7604103e459ec2ca961943,2020-02-12 13:06:09
1dc0320fdbae00903e459ec2ca961958,2020-03-30 07:29:57
1dfdde27db3604103e459ec2ca961976,2020-02-12 12:20:02
1e76a0ebdb26c090d17be1c2ca961901,2020-01-30 17:22:16
1e8ad20fdbea4090d17be1c2ca9619f1,2020-03-30 07:28:04
1eeabee4db26c4503e459ec2ca961943,2020-01-21 20:29:02
1f492433db378410d17be1c2ca9619be,2020-05-11 10:31:46
2013acfadbe20090d17be1c2ca961949,2020-01-28 10:04:06
20cd8b3bdb360410d17be1c2ca961955,2020-02-13 10:27:19
20facb77db360410d17be1c2ca961984,2020-02-13 10:15:04
2124a687db2e4090d17be1c2ca9619ee,2020-03-30 07:28:06
214722efdb3604103e459ec2ca961985,2020-02-12 13:00:44
21a4ea2fdb3604103e459ec2ca9619b6,2020-02-12 12:49:16
220d577bdb760410d17be1c2ca961996,2020-02-13 11:34:07
2218e663db7604103e459ec2ca9619ac,2020-02-12 13:04:20
224f7eafdbb2c010d17be1c2ca961946,2020-02-12 14:45:40
227e60e2dbe68c503e459ec2ca9619a4,2020-01-28 07:21:08
23536a47db2e4090d17be1c2ca9619d0,2020-03-30 07:28:06
2379762bdbb2c010d17be1c2ca961947,2020-02-12 14:20:19
248beb3bdbb60410d17be1c2ca961928,2020-02-13 12:37:18
2493e43edbe20090d17be1c2ca9619aa,2020-01-28 10:04:06
249a28eedba68c503e459ec2ca96193b,2020-01-28 06:43:39
24cfb6efdbb2c010d17be1c2ca9619cd,2020-02-12 14:47:43
24d42ac7db2e4090d17be1c2ca96191f,2020-03-30 07:28:06
24fde20bdbae00903e459ec2ca961950,2020-03-30 07:28:07
253e67fbdbb60410d17be1c2ca961929,2020-02-13 12:49:10
25976263db7604103e459ec2ca9619c1,2020-02-12 13:02:05
25ed0667dbf204103e459ec2ca961998,2020-02-12 11:09:51
260d71cbdbfa00103e459ec2ca961906,2020-02-10 20:39:14
261fc6a7dbf204103e459ec2ca96192b,2020-02-12 11:15:06
266462c7db2e4090d17be1c2ca96194c,2020-03-30 07:28:06
26ab2eb3db0304503e459ec2ca961907,2020-02-25 18:14:05
26ac92cfdbea4090d17be1c2ca9619af,2020-03-30 07:28:05
273c9ea7db32c010d17be1c2ca961926,2020-02-12 12:12:31
275dabbbdbb60410d17be1c2ca96198c,2020-02-13 12:45:25
278e24e2dbe68c503e459ec2ca961955,2020-01-28 07:21:08
27a78aefdbbe8010d17be1c2ca961968,2020-02-12 10:55:48
2830eb7fdb760410d17be1c2ca961913,2020-02-13 11:47:55
28596433db378410d17be1c2ca96193c,2020-05-11 10:31:47
2876c6afdbbe8010d17be1c2ca961923,2020-02-12 10:56:58
2902de2fdbfe8010d17be1c2ca96193d,2020-02-12 11:27:51
292e68a2dbe68c503e459ec2ca9619ea,2020-01-28 07:21:08
293c7147dbfa00103e459ec2ca96193f,2020-02-17 20:18:04
2979a2e3db7604103e459ec2ca961918,2020-02-12 13:10:16
297c9e8fdbea4090d17be1c2ca96198f,2020-03-30 07:28:05
298c84f2dba20090d17be1c2ca9619af,2020-01-28 07:33:29
2a24b026db66cc50d17be1c2ca9619f2,2020-01-28 07:21:07
2a5a8c23dbe2c090d17be1c2ca96198c,2020-01-30 15:19:24
2a62a6cfdbea4090d17be1c2ca9619b5,2020-03-30 07:28:05
2ac9a4afdb26c090d17be1c2ca96195a,2020-01-30 17:36:46
2af0daebdbfe8010d17be1c2ca9619d9,2020-02-12 11:23:17
2b4f0ea7dbf204103e459ec2ca961951,2020-02-12 11:15:59
2b70d2ebdbfe8010d17be1c2ca961919,2020-02-12 11:21:10
2b9cc7f7db360410d17be1c2ca9619a5,2020-02-13 10:22:20
2bade20bdbae00903e459ec2ca961973,2020-03-30 07:28:07
2bcaeab3db0304503e459ec2ca9619e9,2020-02-25 18:10:20
2c0c9da6dbe6cc50d17be1c2ca9619ea,2020-01-27 18:42:16
2c2d8bf7db360410d17be1c2ca96199a,2020-02-13 10:24:35
2c4c1a8fdbea4090d17be1c2ca96194e,2020-03-30 07:28:05
2cd19d83dbe64090d17be1c2ca961926,2020-02-10 14:23:02
2cddde27db3604103e459ec2ca96196f,2020-02-12 12:19:26
2d1a5e52dbda8c10d17be1c2ca9619e3,2020-01-21 14:37:59
2d21d553db6054103e459ec2ca96195f,2020-05-08 11:55:49
2d61b22fdb7604103e459ec2ca961969,2020-02-12 13:44:56
2e34f8a0db2e84503e459ec2ca9619fa,2020-01-21 14:27:32
2e453b16db1f4c50d17be1c2ca9619f5,2020-03-04 18:00:33
2e948eabdbb204103e459ec2ca9619ea,2020-02-12 10:29:15
2e99f62bdbb2c010d17be1c2ca961967,2020-02-12 14:20:48
2ebb88a3dbe2c090d17be1c2ca9619a5,2020-01-30 15:25:26
2ed7583adb66cc503e459ec2ca9619ad,2020-01-28 10:04:07
2f03b2efdb7604103e459ec2ca96196c,2020-02-12 13:52:11
2f667230db2608503e459ec2ca961960,2020-02-10 13:35:41
2fed722fdbb2c010d17be1c2ca9619f8,2020-02-12 14:39:44
2fee1621dbcf8810d17be1c2ca9619d3,2020-02-18 17:32:13
3005626fdb3604103e459ec2ca9619ca,2020-02-12 12:50:52
301c8923dbe6c090d17be1c2ca961971,2020-01-30 20:06:34
3024eeebdb3604103e459ec2ca9619de,2020-02-12 12:47:02
309786efdbbe8010d17be1c2ca9619e2,2020-02-12 10:53:43
3099cd5fdb201410d17be1c2ca9619ec,2020-05-08 11:22:46
30c27aafdb7604103e459ec2ca961968,2020-02-12 13:50:54
31117d43db6a4090d17be1c2ca96194f,2020-02-10 14:23:02
313f3706db330010d17be1c2ca9619a0,2020-05-11 10:31:13
31d85223db3604103e459ec2ca9619bb,2020-02-12 11:57:41
32117eebdb7604103e459ec2ca96195a,2020-02-12 13:43:40
322a6caedba68c503e459ec2ca961911,2020-01-28 06:43:39
32382bc6db3f8050d17be1c2ca961901,2020-05-11 10:31:14
324a486adb268c503e459ec2ca961913,2020-01-28 07:24:44
326c44f2dba20090d17be1c2ca961977,2020-01-28 07:33:01
326f268bdbae00903e459ec2ca96199e,2020-03-30 07:29:57
32fb0523dbe6c090d17be1c2ca961966,2020-01-30 20:06:09
3306bafcdbe208503e459ec2ca96198b,2020-02-10 13:35:41
338821e4dbee84503e459ec2ca961972,2020-01-21 14:29:16
33f8587adb66cc503e459ec2ca96194c,2020-01-28 10:04:07
3457949edb874c10d17be1c2ca9619c8,2020-05-08 07:19:33
360dc46adba2cc50d17be1c2ca961909,2020-01-28 07:24:43
361dc46adba2cc50d17be1c2ca9619ef,2020-01-28 07:24:43
37291c7adb66cc503e459ec2ca9619fb,2020-01-28 10:04:06
374d71cbdbfa00103e459ec2ca96192d,2020-03-03 16:53:54
37703acbdbae00903e459ec2ca961941,2020-03-30 07:29:57
3812fa2fdb7604103e459ec2ca9619df,2020-02-12 13:47:54
386a60eedba68c503e459ec2ca961959,2020-01-28 06:43:39
38aada0fdbea4090d17be1c2ca961970,2020-03-30 07:28:04
38bec2a7dbf204103e459ec2ca961965,2020-02-12 11:13:21
38eec3bbdb360410d17be1c2ca96191a,2020-02-13 10:32:15
3a2a09afdba6c090d17be1c2ca961960,2020-01-30 19:58:14
3a35220bdb2e4090d17be1c2ca961945,2020-03-30 07:28:06
3a8f4e2bdb03c0503e459ec2ca9619bb,2020-02-24 21:32:43
3b7e0e67dbf204103e459ec2ca96191f,2020-02-12 11:12:28
3b80028fdbfa00103e459ec2ca96196a,2020-02-17 20:25:06
3bdda3fbdbb60410d17be1c2ca9619bf,2020-02-13 12:47:38
3be14e8fdbfa00103e459ec2ca9619a4,2020-02-10 21:00:36
3c0a006adb268c503e459ec2ca961929,2020-01-28 07:24:44
3c17a229dbcf8810d17be1c2ca9619e0,2020-02-18 18:07:41
3c69042adb268c503e459ec2ca96197b,2020-01-28 07:24:44
3cb4b010db2e44503e459ec2ca961975,2020-02-10 14:45:13
3cbd8e27dbf204103e459ec2ca9619e2,2020-02-12 11:08:59
3cd9caf8db76c4903e459ec2ca9619e3,2020-05-08 07:25:50
3d15b6a3dbb604103e459ec2ca961939,2020-02-12 14:01:04
3dfb533bdb760410d17be1c2ca961910,2020-02-13 11:29:26
3e0b124fdbea4090d17be1c2ca961921,2020-03-30 07:28:04
3e6c482adba2cc50d17be1c2ca961977,2020-01-28 07:24:44
3edc806adba2cc50d17be1c2ca961902,2020-01-28 07:24:43
3f8905afdba6c090d17be1c2ca961940,2020-01-30 19:55:34
3fdcd2cfdbea4090d17be1c2ca9619aa,2020-03-30 07:28:05
3ffda4a2dbe68c503e459ec2ca9619ff,2020-01-28 07:21:08
402d67bbdbb60410d17be1c2ca9619a9,2020-02-13 12:44:22
4036bb56db1f4c50d17be1c2ca961977,2020-03-04 18:04:29
40492ea3db7604103e459ec2ca9619ed,2020-02-12 13:09:22
40b13a2fdb7604103e459ec2ca96193d,2020-02-12 13:46:12
418ade92dbda8c10d17be1c2ca96192c,2020-01-21 14:37:59
41979d7bdbff08103e459ec2ca96196f,2020-04-02 18:53:47
41acdb3bdb760410d17be1c2ca961941,2020-02-13 11:32:23
41f5b756db1f4c50d17be1c2ca961928,2020-03-04 18:03:26
42442a87db2e4090d17be1c2ca961971,2020-03-30 07:28:06
42872ce6db26cc50d17be1c2ca96197d,2020-01-27 17:43:39
42ac0667dbfe8010d17be1c2ca9619a6,2020-02-12 11:04:26
42bc4bf7db360410d17be1c2ca9619a3,2020-02-13 10:22:47
42cb6439db334050d17be1c2ca961941,2020-03-27 11:16:54
42cc358bdbfa00103e459ec2ca961982,2020-02-10 20:38:05
432d486adba2cc50d17be1c2ca9619ad,2020-01-28 07:24:43
433896efdbf204103e459ec2ca961979,2020-02-12 11:55:01
43642edadbda8c10d17be1c2ca96199c,2020-01-21 14:37:59
445ba73bdbb60410d17be1c2ca961905,2020-02-13 12:36:30
447b25b0db1bc4503e459ec2ca9619e5,2020-05-08 07:11:59
44957356db1f4c50d17be1c2ca9619cd,2020-03-04 18:01:45
449cde8fdbea4090d17be1c2ca961903,2020-03-30 07:28:05
44ff2123db8c1c10d17be1c2ca96191c,2020-04-14 12:17:27
450caa6bdb72c010d17be1c2ca9619c2,2020-02-12 13:21:27
4535caebdbb204103e459ec2ca96191a,2020-02-12 10:31:53
454a27f7dbb60410d17be1c2ca9619df,2020-02-13 12:31:53
454d5627db3604103e459ec2ca9619db,2020-02-12 12:17:00
45863627dbb604103e459ec2ca961932,2020-02-12 14:07:19
46047debdb8f80503e459ec2ca9619e3,2020-02-24 19:32:32
461e7599dbcb88103e459ec2ca961910,2020-02-25 18:17:37
4626a746db3f8050d17be1c2ca961975,2020-05-11 10:31:46
464d2ae3db7604103e459ec2ca9619e0,2020-02-12 13:27:00
4699482adb268c503e459ec2ca9619f5,2020-01-28 07:24:44
472a6ee9dbcf8810d17be1c2ca96194f,2020-02-18 18:21:13
474c0066dba2cc50d17be1c2ca9619be,2020-01-28 07:24:44
4781162fdbfe8010d17be1c2ca96199f,2020-02-12 11:25:47
47929a6fdbfe8010d17be1c2ca961950,2020-02-12 11:30:25
4794fa63dbb604103e459ec2ca9619e1,2020-02-12 13:58:59
48698623dbf204103e459ec2ca9619c9,2020-02-12 10:50:05
4884662fdb3604103e459ec2ca9619f3,2020-02-12 12:48:38
488a24efdb26c090d17be1c2ca961980,2020-01-30 17:39:53
48db666ddbcf8810d17be1c2ca9619be,2020-02-18 18:28:23
498ada92dbda8c10d17be1c2ca961999,2020-01-21 14:37:58
49a11a2fdbfe8010d17be1c2ca961956,2020-02-12 11:26:11
49aec86edb268c503e459ec2ca9619b0,2020-01-28 07:24:42
4a73203edbe20090d17be1c2ca961945,2020-01-28 10:04:06
4a8cf147dbfa00103e459ec2ca96194b,2020-03-03 17:20:13
4ab26a07db2e4090d17be1c2ca9619ca,2020-03-30 07:28:05
4adae8eedba68c503e459ec2ca9619a3,2020-01-28 06:43:39
4b663227dbb604103e459ec2ca961960,2020-02-12 14:06:54
4b84e2c7db2e4090d17be1c2ca9619ed,2020-03-30 07:28:06
4b860aafdbbe8010d17be1c2ca96190e,2020-02-12 10:56:08
4bb68866db268c503e459ec2ca961964,2020-01-28 07:24:45
4bec4ff7db360410d17be1c2ca961986,2020-02-13 10:23:41
4c08e663db7604103e459ec2ca96195e,2020-02-12 13:03:54
4c19b6e7dbb2c010d17be1c2ca9619e5,2020-02-12 14:18:27
4c9966e3db7604103e459ec2ca9619b4,2020-02-12 13:10:43
4d0f47bbdb360410d17be1c2ca96197b,2020-02-13 10:32:49
4d31beebdb7604103e459ec2ca961928,2020-02-12 13:44:05
4dcc9e8fdbea4090d17be1c2ca9619d7,2020-03-30 07:28:05
4de36687db2e4090d17be1c2ca961945,2020-03-30 07:28:06
4df12f92dbdb4c50d17be1c2ca961937,2020-05-13 06:58:03
4e3e9eeddb8f8810d17be1c2ca96199b,2020-02-18 17:28:59
4ef4b810db2e44503e459ec2ca96199b,2020-02-10 14:45:13
4fc42c6bdb26c090d17be1c2ca961906,2020-01-30 17:14:58
4fdd037bdb360410d17be1c2ca9619ac,2020-02-13 10:27:47
502aebf3dbff8410d17be1c2ca961984,2020-04-03 05:34:05
507e97fbdb760410d17be1c2ca96190a,2020-02-13 11:40:15
5088d6efdbf204103e459ec2ca9619d0,2020-02-12 11:56:12
5092f6afdb7604103e459ec2ca961962,2020-02-12 13:50:02
50cbeb3bdbb60410d17be1c2ca961930,2020-02-13 12:38:26
50fade0fdbea4090d17be1c2ca961905,2020-03-30 07:28:04
512b124fdbea4090d17be1c2ca961953,2020-03-30 07:28:04
5179442adb268c503e459ec2ca9619f5,2020-01-28 07:24:44
5184fa63dbb604103e459ec2ca9619cb,2020-02-12 13:58:35
51e08a8fdbfa00103e459ec2ca961940,2020-02-17 20:26:35
526a0377db360410d17be1c2ca9619d8,2020-02-13 10:12:42
52794223dbf204103e459ec2ca96198c,2020-02-12 10:50:31
52c06b52dbdb4c50d17be1c2ca96193e,2020-03-04 16:30:58
52c7ceefdbbe8010d17be1c2ca961917,2020-02-12 10:43:09
52cfd90cdbe3c0903e459ec2ca961909,2020-03-09 17:36:44
52d60eafdbbe8010d17be1c2ca9619b8,2020-02-12 10:57:48
52ddbf82db330010d17be1c2ca961989,2020-05-11 10:31:13
530a0823dbe2c090d17be1c2ca9619de,2020-05-08 07:27:33
53336a47db2e4090d17be1c2ca96197d,2020-03-30 07:28:06
5334b426db66cc50d17be1c2ca961965,2020-01-28 07:21:07
53abdc83db7600103e459ec2ca961998,2020-02-10 13:33:53
53c44eabdbb204103e459ec2ca961957,2020-02-12 10:30:07
546eba2fdbb2c010d17be1c2ca9619c0,2020-02-12 14:41:43
5504a687db2e4090d17be1c2ca9619c6,2020-03-30 07:28:06
554232afdb7604103e459ec2ca961992,2020-02-12 13:48:45
556052ebdbfe8010d17be1c2ca961934,2020-02-12 11:20:44
55ae166bdb32c010d17be1c2ca96193d,2020-02-12 12:23:01
55b8deefdbf204103e459ec2ca96195f,2020-02-12 11:57:05
561ec667dbf204103e459ec2ca96193f,2020-02-12 11:10:43
569e8e67dbf204103e459ec2ca9619dd,2020-02-12 11:12:54
573db03edb660090d17be1c2ca9619a9,2020-02-10 13:35:41
5741b472dbe6cc503e459ec2ca9619dc,2020-02-10 13:35:41
57496033db378410d17be1c2ca9619ce,2020-05-11 10:31:47
575746efdbbe8010d17be1c2ca96192b,2020-02-12 10:54:04
5768507adb66cc503e459ec2ca961984,2020-01-28 10:04:07
578b1e4fdbea4090d17be1c2ca961921,2020-03-30 07:28:04
585d9f7bdb760410d17be1c2ca9619bf,2020-02-13 11:35:20
58f576e3dbb604103e459ec2ca9619d2,2020-02-12 14:04:48
591ac06adb268c503e459ec2ca961945,2020-01-28 07:24:44
592b0ad2db9a8c10d17be1c2ca9619cf,2020-01-21 14:37:58
5a2e222fdb72c010d17be1c2ca9619e4,2020-02-12 13:30:49
5a7ea24bdbae00903e459ec2ca9619b2,2020-03-30 07:29:58
5abc4cf2dba20090d17be1c2ca96191d,2020-01-28 07:34:21
5b2c1ea7db32c010d17be1c2ca9619e2,2020-02-18 19:45:44
5b6d8436dba20090d17be1c2ca961912,2020-01-28 07:37:25
5b98107adb66cc503e459ec2ca961912,2020-01-28 10:04:07
5baa4777db360410d17be1c2ca9619b9,2020-02-13 10:13:52
5bba1e0fdbea4090d17be1c2ca961979,2020-03-30 07:28:04
5bbd97bbdb760410d17be1c2ca9619e1,2020-02-13 11:37:10
5c8c9b3bdb760410d17be1c2ca961982,2020-02-13 11:31:47
5caa32e4db26c4503e459ec2ca96195d,2020-01-21 20:27:49
5d36bafcdbe208503e459ec2ca961944,2020-02-10 13:35:41
5d671aafdbfe8010d17be1c2ca96190b,2020-02-12 11:51:22
5d98bea7dbb2c010d17be1c2ca961970,2020-02-12 14:16:20
5dc1943adb9f8c50d17be1c2ca96195e,2020-03-05 14:43:26
5de7a663db7604103e459ec2ca96197b,2020-02-12 13:03:26
5df6e786db3f8050d17be1c2ca961902,2020-05-11 10:31:46
5ed3eaebdb3604103e459ec2ca9619f8,2020-02-12 12:45:46
5edda4a2dbe68c503e459ec2ca96196e,2020-01-28 07:21:08
5ee13c72dbe6cc503e459ec2ca96195f,2020-02-10 13:35:41
5f3d6b77dbff8410d17be1c2ca9619b1,2020-05-08 06:58:47
5f801553db6054103e459ec2ca9619a2,2020-05-08 11:53:16
5fb566a3db72c010d17be1c2ca961965,2020-02-12 12:54:01
5fc8187adb66cc503e459ec2ca9619c6,2020-01-28 10:04:07
5fcb266bdb72c010d17be1c2ca9619ae,2020-02-12 13:20:31
5fe15e2fdbfe8010d17be1c2ca961993,2020-02-12 11:27:26
5fe2a247db2e4090d17be1c2ca96190b,2020-03-30 07:28:05
5fea05efdba6c090d17be1c2ca9619ec,2020-01-30 20:01:33
60119c67dbe2c090d17be1c2ca9619c5,2020-01-31 17:44:26
6069fee7dbb2c010d17be1c2ca96190c,2020-02-12 14:19:51
606d7f82db330010d17be1c2ca96198f,2020-05-11 10:31:13
607b4216db9a8c10d17be1c2ca961945,2020-01-21 14:37:58
60c3e287db2e4090d17be1c2ca961950,2020-03-30 07:28:06
611939badbeacc503e459ec2ca961970,2020-02-10 13:35:40
6134a22fdb3604103e459ec2ca961980,2020-02-12 12:47:21
6149bae7dbb2c010d17be1c2ca961970,2020-02-12 14:19:22
61632aabdb32c010d17be1c2ca96196e,2020-02-12 12:43:48
616e4e67dbf204103e459ec2ca961906,2020-02-12 11:12:02
61b3cee7dbb204103e459ec2ca96193a,2020-02-12 10:25:21
61ff61f4db1bc4503e459ec2ca96198b,2020-05-08 07:13:19
620a120fdbea4090d17be1c2ca961913,2020-03-30 07:28:04
6221deebdbfe8010d17be1c2ca961941,2020-02-12 11:24:07
62e07aebdb7604103e459ec2ca961923,2020-02-12 13:42:49
6364f663dbb604103e459ec2ca961953,2020-02-12 13:58:12
639ab9f3dbaac0903e459ec2ca9619d8,2020-05-08 07:27:43
6411daebdbfe8010d17be1c2ca9619ec,2020-02-12 11:23:42
642a4deadbefc0103e459ec2ca9619dd,2020-03-17 10:26:58
645b53f7db760410d17be1c2ca96199c,2020-02-13 11:26:37
648067bfdb760410d17be1c2ca961960,2020-02-13 11:49:16
64cfdf3fdb760410d17be1c2ca9619e4,2020-02-13 11:45:59
64d2ae07db2e4090d17be1c2ca9619c6,2020-03-30 07:28:05
64dc4cf2dba20090d17be1c2ca961926,2020-01-28 07:34:46
64dccbf7db360410d17be1c2ca961997,2020-02-13 10:23:14
64ef026bdb03c0503e459ec2ca96196c,2020-02-24 21:34:12
650ddd87dbdbcc503e459ec2ca9619b2,2020-03-09 13:46:59
65baa7f7dbb60410d17be1c2ca961956,2020-02-13 12:33:53
65c268fadbe20090d17be1c2ca961915,2020-01-28 10:04:06
65e8ca2fdbb204103e459ec2ca9619c3,2020-02-12 10:47:59
65f98e23dbf204103e459ec2ca96196f,2020-02-12 10:52:38
662f973fdb760410d17be1c2ca9619be,2020-02-13 11:43:24
66a276afdb7604103e459ec2ca96197a,2020-02-12 13:50:28
66aa4dafdba6c090d17be1c2ca961951,2020-01-30 20:00:23
66b826a3db7604103e459ec2ca96198a,2020-02-12 13:07:04
673357aedb3f4010d17be1c2ca96192d,2020-03-30 06:41:46
673cbdd5dbcb88103e459ec2ca96193f,2020-02-25 18:14:03
683bce27db03c0503e459ec2ca96194d,2020-02-24 21:13:44
684814fedb9f8c50d17be1c2ca9619ad,2020-03-05 15:11:48
68562c22db26cc50d17be1c2ca9619f7,2020-02-11 14:35:34
6856c066db268c503e459ec2ca9619cf,2020-01-28 07:24:45
688f7eafdbb2c010d17be1c2ca961975,2020-02-12 14:46:37
68bb266bdb72c010d17be1c2ca9619a0,2020-02-12 13:20:03
692f0bbbdb360410d17be1c2ca961902,2020-02-13 10:33:24
6974f826db66cc50d17be1c2ca961934,2020-01-28 07:21:07
6987602fdb26c090d17be1c2ca9619b3,2020-01-30 17:26:52
6a23c203db3e00103e459ec2ca9619f5,2020-02-10 21:05:59
6a484bb3db360410d17be1c2ca9619b9,2020-02-13 10:03:27
6ade4467dbe2c090d17be1c2ca961969,2020-01-30 15:39:05
6b7a6337dbff8410d17be1c2ca961901,2020-04-03 05:35:41
6bec5ee3db3604103e459ec2ca961956,2020-02-12 12:15:31
6bedaaebdb72c010d17be1c2ca9619b9,2020-02-12 13:29:49
6ce02752dbdb4c50d17be1c2ca96199e,2020-03-04 16:31:23
6d00577bdb7f8410d17be1c2ca9619fa,2020-04-03 03:40:06
6d45baa3dbb604103e459ec2ca9619b8,2020-02-12 14:01:53
6d94dcecdb22c450d17be1c2ca9619c6,2020-01-22 15:28:20
6dc5e68bdb2e4090d17be1c2ca9619b8,2020-03-30 07:28:07
6dc9a2e3db7604103e459ec2ca961901,2020-02-12 13:11:38
6de87d5edb1a8c10d17be1c2ca9619f1,2020-01-21 14:37:58
6dee46a7dbf204103e459ec2ca961975,2020-02-12 11:14:14
6e1546ebdbb204103e459ec2ca9619bd,2020-02-12 10:31:26
6e242edadbda8c10d17be1c2ca9619a8,2020-01-21 14:37:58
6e9c0c2adba2cc50d17be1c2ca96196f,2020-01-28 07:24:43
6e9d0e27dbf204103e459ec2ca961971,2020-02-12 11:08:33
6ebc0c2adba2cc50d17be1c2ca961985,2020-01-28 07:24:43
6ebe28e2dbe68c503e459ec2ca961906,2020-01-28 07:21:08
6ee90476dbe2cc503e459ec2ca96195f,2020-01-28 07:22:03
6f257aa3dbb604103e459ec2ca96194f,2020-02-12 14:01:29
6f3c573bdb760410d17be1c2ca961982,2020-02-13 11:30:39
6f4d4627dbf204103e459ec2ca9619f1,2020-02-12 11:07:15
6fa1f872dbe6cc503e459ec2ca96197a,2020-04-22 06:57:33
6fbea64bdbae00903e459ec2ca961940,2020-03-30 07:29:57
6fd4ae2fdb3604103e459ec2ca9619c8,2020-02-12 12:50:13
7019f155dbcb88103e459ec2ca9619ab,2020-03-03 17:20:13
7056bee3dbb604103e459ec2ca96193a,2020-02-12 14:06:28
7132526fdbfe8010d17be1c2ca96194a,2020-02-12 11:28:42
719b12addb8f8810d17be1c2ca9619aa,2020-02-18 17:17:30
720ae6d8dbc3c4103e459ec2ca961937,2020-02-14 21:08:15
720ff4ebdbcb80503e459ec2ca961900,2020-02-24 15:41:02
7230c3efdbb2c010d17be1c2ca9619b9,2020-02-12 14:49:47
72cc5ee3db3604103e459ec2ca96194c,2020-02-12 12:14:56
730782efdbbe8010d17be1c2ca9619c5,2020-02-12 10:39:58
7356c466dba28c503e459ec2ca961934,2020-01-28 07:24:45
7373ae47db2e4090d17be1c2ca961965,2020-03-30 07:28:06
73aec86edb268c503e459ec2ca9619b7,2020-01-28 07:24:42
73b68aafdbbe8010d17be1c2ca9619a4,2020-02-12 10:57:23
73c338e2db66cc50d17be1c2ca961980,2020-01-28 07:21:08
73fc1227db3604103e459ec2ca961923,2020-02-12 12:15:49
73fca37bdbb60410d17be1c2ca96199d,2020-02-13 12:43:48
7412eeffdbbb8410d17be1c2ca961992,2020-04-03 00:19:17
74b43e63dbb604103e459ec2ca9619a7,2020-02-12 13:59:22
74f3bce2db66cc50d17be1c2ca961931,2020-01-28 07:21:07
75188223dbfe8010d17be1c2ca961918,2020-02-12 10:53:12
751a1a92dbda8c10d17be1c2ca961985,2020-01-21 14:37:58
7591762fdb7604103e459ec2ca96197f,2020-02-12 13:45:47
75d64c66db268c503e459ec2ca961991,2020-01-28 07:24:45
760e6eebdb72c010d17be1c2ca9619b5,2020-02-12 13:30:19
765922e3db7604103e459ec2ca9619f5,2020-02-12 13:09:49
765e0b7bdb360410d17be1c2ca9619e7,2020-02-13 10:29:56
769ea64bdbae00903e459ec2ca961921,2020-03-30 07:29:57
76f96caedba68c503e459ec2ca9619fa,2020-01-28 06:43:39
7742e207db2e4090d17be1c2ca9619cd,2020-03-30 07:28:05
7753a03edbe20090d17be1c2ca9619b8,2020-01-28 10:04:06
77762346db3f8050d17be1c2ca961956,2020-05-11 10:31:46
77de133fdb760410d17be1c2ca9619d1,2020-02-13 11:42:07
7801baebdb7604103e459ec2ca9619bf,2020-02-12 13:43:15
783dd227db3604103e459ec2ca961975,2020-02-12 12:16:42
7847c6efdbbe8010d17be1c2ca96196f,2020-02-12 10:40:52
787c96c6dbd30c503e459ec2ca9619b5,2020-03-03 16:53:55
7882e607db2e4090d17be1c2ca9619d8,2020-03-30 07:28:05
78cc8163dbe6c090d17be1c2ca9619a0,2020-02-20 07:03:06
78ddcc36dba20090d17be1c2ca961928,2020-01-28 07:39:10
79442205dbba4890d17be1c2ca9619fc,2020-02-04 18:22:51
796d1a27db3604103e459ec2ca961970,2020-02-12 12:17:35
7a01b20fdbae00903e459ec2ca9619e5,2020-03-30 07:29:57
7aa966e3db7604103e459ec2ca9619d4,2020-02-12 13:11:11
7ac72663db7604103e459ec2ca9619a4,2020-02-12 13:02:59
7ae5ba3cdbe208503e459ec2ca9619dc,2020-02-10 13:35:41
7b71362fdb7604103e459ec2ca9619c9,2020-02-12 13:45:22
7b857ea3dbb604103e459ec2ca961969,2020-02-12 14:03:08
7b8b49efdba6c090d17be1c2ca961919,2020-05-08 07:25:29
7b9e4b7bdb360410d17be1c2ca9619d8,2020-02-13 10:31:06
7bf436a3dbb604103e459ec2ca961909,2020-02-12 14:00:40
7bf8ce2fdbb204103e459ec2ca961942,2020-02-12 10:48:25
7c281c3adb66cc503e459ec2ca961906,2020-01-28 10:04:07
7c647826db66cc50d17be1c2ca9619fc,2020-01-28 07:21:07
7c942a2fdb3604103e459ec2ca961920,2020-02-12 12:48:57
7d19587adb66cc503e459ec2ca9619df,2020-01-28 10:04:06
7d8964aedba68c503e459ec2ca9619e8,2020-01-28 06:43:39
7d9be26bdb72c010d17be1c2ca9619b2,2020-02-12 13:19:35
7e092aa3db7604103e459ec2ca961948,2020-02-12 13:08:27
7eecc06adba2cc50d17be1c2ca961968,2020-01-28 07:24:43
7f3b564fdbea4090d17be1c2ca9619a8,2020-03-30 07:28:04
7f6ad20fdbea4090d17be1c2ca961902,2020-03-30 07:28:04
80e4719edb1a8c10d17be1c2ca961970,2020-01-21 14:37:58
80f95ecbdbea4090d17be1c2ca961920,2020-03-30 07:28:04
81043ce2db66cc50d17be1c2ca961982,2020-01-28 07:21:07
814d0563dbe6c090d17be1c2ca9619ed,2020-01-30 20:11:46
81699247db6e00903e459ec2ca9619c1,2020-03-30 07:28:02
81960866db268c503e459ec2ca9619e6,2020-01-28 07:24:45
821c6b3bdbb60410d17be1c2ca961972,2020-02-13 12:39:51
8249cd6fdba6c090d17be1c2ca9619f4,2020-01-30 19:54:21
82eb266bdb72c010d17be1c2ca9619b6,2020-02-12 13:20:59
8300677fdb760410d17be1c2ca9619bb,2020-02-13 11:47:16
832d59fadb2a0090d17be1c2ca961986,2020-02-10 14:23:02
833a160fdbea4090d17be1c2ca9619c7,2020-03-30 07:28:04
834ef306db330010d17be1c2ca96199a,2020-05-11 10:31:13
835036cbdbae00903e459ec2ca9619f7,2020-03-30 07:29:57
83664466db268c503e459ec2ca961975,2020-01-28 07:24:45
836a31d5dbcb88103e459ec2ca96197a,2020-02-17 20:14:08
83ab4267db03c0503e459ec2ca9619ea,2020-02-24 21:15:48
83e5ec22db26cc50d17be1c2ca9619d3,2020-01-27 14:45:56
83ee1a3fdbbb8410d17be1c2ca9619c8,2020-04-03 00:05:28
845738b1dbf740103e459ec2ca9619f6,2020-03-27 11:57:44
84695297dbbe4010d17be1c2ca961939,2020-02-11 18:54:20
84a32287db2e4090d17be1c2ca9619e1,2020-03-30 07:28:06
84a739f3db7348103e459ec2ca96195b,2020-04-02 21:13:48
84ad4836dba20090d17be1c2ca9619d0,2020-01-28 07:38:17
84b98bb2dbee0090d17be1c2ca96198c,2020-02-10 14:23:02
84f4626fdb3604103e459ec2ca96196e,2020-02-12 12:50:33
853dc627dbf204103e459ec2ca961969,2020-02-12 11:06:49
855e046edb268c503e459ec2ca96191f,2020-01-28 07:24:43
856e20e2dbe68c503e459ec2ca961992,2020-01-28 07:21:08
85b4ceabdbb204103e459ec2ca961950,2020-02-12 10:29:41
85ccae6bdb72c010d17be1c2ca9619c8,2020-02-12 13:24:44
85cd6fbbdbb60410d17be1c2ca9619af,2020-02-13 12:47:15
85e68c66db268c503e459ec2ca9619f6,2020-01-28 07:24:45
8649cda3dba6c090d17be1c2ca9619d3,2020-01-30 19:54:21
864d3959dbcb88103e459ec2ca96197d,2020-02-17 20:26:36
871486abdbb204103e459ec2ca961916,2020-02-12 10:27:05
8735a66fdb3604103e459ec2ca9619e0,2020-02-12 12:51:50
878daec7dbae00903e459ec2ca9619a5,2020-03-30 07:28:07
88aefab0db2608503e459ec2ca96190e,2020-01-22 15:23:47
88b76263db7604103e459ec2ca9619d2,2020-02-12 13:02:32
88c3eed6dbda8c10d17be1c2ca961990,2020-01-21 14:37:58
88f82aa3db7604103e459ec2ca96193a,2020-02-12 13:07:59
890f133fdb760410d17be1c2ca9619d8,2020-02-13 11:42:46
892a8b37db360410d17be1c2ca961901,2020-02-13 10:11:32
8946c466dba28c503e459ec2ca961997,2020-01-28 07:24:45
89b803f3db360410d17be1c2ca961918,2020-02-13 10:05:15
8ac0d2ebdbfe8010d17be1c2ca961939,2020-02-12 11:22:27
8b005476db9f8c50d17be1c2ca96192c,2020-03-05 14:35:57
8b2ae4afdb26c090d17be1c2ca9619bc,2020-01-30 17:38:26
8b5c842adba2cc50d17be1c2ca9619d4,2020-01-28 07:24:44
8ba06b52dbdb4c50d17be1c2ca961932,2020-03-04 16:30:29
8bb1562fdbfe8010d17be1c2ca961965,2020-02-12 11:26:36
8c85660bdb2e4090d17be1c2ca96197e,2020-03-30 07:28:06
8cc7602adb26cc50d17be1c2ca961999,2020-01-27 14:53:56
8d12e233dbfb8410d17be1c2ca961953,2020-04-03 00:28:16
8d1eaa0bdbae00903e459ec2ca961963,2020-03-30 07:28:07
8d585c3adb66cc503e459ec2ca961928,2020-01-28 10:04:07
8dd1e752dbdb4c50d17be1c2ca9619e1,2020-03-04 16:35:30
8dfd27fbdbb60410d17be1c2ca9619f8,2020-02-13 12:47:59
8e4f0bbbdb360410d17be1c2ca9619fc,2020-02-13 10:33:59
8e648aabdbb204103e459ec2ca961937,2020-02-12 10:28:23
8e7dd627db3604103e459ec2ca9619dc,2020-02-12 12:17:53
8e908323dbf2c010d17be1c2ca961952,2020-02-12 14:51:21
8fb53c64db2e84503e459ec2ca961931,2020-01-21 10:47:13
8fed64a2dbe68c503e459ec2ca9619d4,2020-01-28 07:21:08
90514e1ddbcb88103e459ec2ca9619d5,2020-02-17 20:44:15
9124dc18db628450d17be1c2ca961908,2020-02-10 13:35:41
916a9ac24fae3f405e1a3d728110c7b8,2019-07-11 13:46:42
91a831badbeacc503e459ec2ca961988,2020-02-10 13:35:40
91f5839bdbae8090d17be1c2ca961910,2020-02-10 14:23:02
9273c2dddbcb88103e459ec2ca961975,2020-03-03 16:57:03
92d536e3dbb604103e459ec2ca961947,2020-02-12 14:04:23
93b36273dbfb8410d17be1c2ca961945,2020-04-03 00:28:16
93f7c223dbfe8010d17be1c2ca9619cc,2020-02-12 10:58:34
947dc33bdb360410d17be1c2ca9619b0,2020-02-13 10:25:57
947eececdbea84503e459ec2ca9619ff,2020-01-21 10:28:21
94ae6f40dbee4450d17be1c2ca9619a5,2020-02-10 13:35:41
94b3de8a4fcd538039697f75f110c75c,2018-07-17 10:43:46
94ce43bbdb360410d17be1c2ca9619ba,2020-02-13 10:31:41
94e05aebdbfe8010d17be1c2ca961955,2020-02-12 11:22:52
9583b14bdbaa00903e459ec2ca961974,2020-02-10 13:35:40
958ebdcbdbfa00103e459ec2ca961921,2020-02-10 20:45:42
9594f95edb1a8c10d17be1c2ca9619e9,2020-01-21 14:37:58
959d75cbdbfa00103e459ec2ca961907,2020-02-25 18:14:03
95bc9eaddb8f8810d17be1c2ca9619c8,2020-02-18 17:22:26
963036cbdbae00903e459ec2ca96193a,2020-03-30 07:29:57
96aa28eedba68c503e459ec2ca961943,2020-01-28 06:43:39
96be9bfbdb760410d17be1c2ca961904,2020-02-13 11:41:29
96e8d223db3604103e459ec2ca961942,2020-02-12 11:57:58
97002ff7dbfb8410d17be1c2ca96192b,2020-04-03 14:39:57
97048643db3e00103e459ec2ca9619f7,2020-02-10 21:09:52
978fee4bdbae00903e459ec2ca9619a4,2020-03-30 07:29:57
984891b2db2a0090d17be1c2ca9619cd,2020-02-10 14:23:02
98def6f4db2608503e459ec2ca96195f,2020-01-22 15:24:35
98e13a2fdb7604103e459ec2ca961946,2020-02-12 13:47:03
992f6e4bdbae00903e459ec2ca96193f,2020-03-30 07:29:57
995a560fdbea4090d17be1c2ca96190a,2020-03-30 07:28:04
99d1da2fdbfe8010d17be1c2ca9619af,2020-02-12 11:27:01
9a4a4adddbcb88103e459ec2ca961956,2020-03-03 16:49:27
9a4e446edb268c503e459ec2ca96191e,2020-01-28 07:24:43
9b2d1b7bdb760410d17be1c2ca961922,2020-02-13 11:34:43
9b7b626bdb72c010d17be1c2ca961924,2020-02-12 13:19:08
9b8e926bdb32c010d17be1c2ca96191c,2020-02-12 12:22:36
9b95ceebdbb204103e459ec2ca961908,2020-02-12 10:33:40
9bea4607db3e00103e459ec2ca9619d8,2020-02-10 21:39:58
9c5ae4afdb26c090d17be1c2ca9619c3,2020-01-30 17:39:04
9cf9006adb268c503e459ec2ca961965,2020-01-28 07:24:44
9d09c7f3db360410d17be1c2ca9619c2,2020-02-13 10:06:39
9d88907adb66cc503e459ec2ca961937,2020-01-28 10:04:07
9dd8e2a3db7604103e459ec2ca96198e,2020-02-12 13:07:32
9dd901afdba6c090d17be1c2ca961988,2020-01-30 19:56:46
9e3e837bdb360410d17be1c2ca9619d2,2020-02-13 10:29:22
9e658eebdbb204103e459ec2ca9619d9,2020-02-12 10:32:46
9ee5ae8bdb2e4090d17be1c2ca96198a,2020-03-30 07:28:07
9ef2ca9ddbcb88103e459ec2ca961920,2020-02-17 20:51:29
9f0e5667db3604103e459ec2ca96194c,2020-02-12 12:20:26
9f37d17bdbff08103e459ec2ca961945,2020-04-02 18:52:18
9f3e086adb268c503e459ec2ca96192f,2020-01-28 07:24:43
9f926e07db2e4090d17be1c2ca96197d,2020-03-30 07:28:05
9fc94c2adb268c503e459ec2ca961949,2020-01-28 07:24:44
9ff720e0dbd38450d17be1c2ca9619be,2020-02-27 16:34:14
a0267ee3dbb604103e459ec2ca9619ac,2020-02-12 14:05:39
a082d66fdbfe8010d17be1c2ca96194f,2020-02-12 11:29:59
a15dcff7db360410d17be1c2ca9619ce,2020-02-13 10:25:30
a16f693bdb6ac0903e459ec2ca961973,2020-05-08 06:46:49
a1a2cd7ddbf740103e459ec2ca961989,2020-03-27 12:14:32
a1c8deefdbf204103e459ec2ca961951,2020-02-12 11:57:23
a22816efdbf204103e459ec2ca96193c,2020-02-12 11:54:43
a3cee4e2dbe68c503e459ec2ca96195f,2020-01-28 07:21:08
a4a07ecbdbae00903e459ec2ca9619ba,2020-03-30 07:29:57
a51032cbdbae00903e459ec2ca961970,2020-03-30 07:29:57
a57e086edb268c503e459ec2ca9619d0,2020-01-28 07:24:43
a67260fadbe20090d17be1c2ca9619dd,2020-01-28 10:04:06
a6acc82adba2cc50d17be1c2ca9619e8,2020-01-28 07:24:43
a6b08087db1e00503e459ec2ca961966,2020-01-21 14:37:58
a6dcf6ebdbb2c010d17be1c2ca96196f,2020-02-12 14:35:03
a756a2e3db72c010d17be1c2ca961903,2020-02-12 12:56:48
a76dc0e3dbe2c090d17be1c2ca96198f,2020-01-30 15:32:52
a7f88922dbefc010d17be1c2ca9619d7,2020-03-17 10:21:59
a80faa4bdbae00903e459ec2ca96190c,2020-03-30 07:29:57
a82d5227db3604103e459ec2ca96195b,2020-02-12 12:16:25
a8eae6d8dbc3c4103e459ec2ca96198b,2020-02-14 21:11:56
a915266fdb3604103e459ec2ca96197d,2020-02-12 12:51:11
a97891fbdbff08103e459ec2ca961995,2020-04-02 18:57:38
a9967230db2608503e459ec2ca9619ce,2020-02-10 13:35:41
a9dc4c1edb474c10d17be1c2ca961912,2020-02-20 14:49:14
aa1ee3fbdbb60410d17be1c2ca9619be,2020-02-13 12:48:39
aa37602fdb26c090d17be1c2ca961995,2020-01-30 17:25:34
aa6822a3db7604103e459ec2ca96199e,2020-02-12 13:05:42
aaa52263db72c010d17be1c2ca961958,2020-02-12 12:53:42
ab03a273dbfb8410d17be1c2ca9619a7,2020-04-03 00:23:33
ab1f4867dbe2c090d17be1c2ca9619be,2020-01-30 15:40:14
ab581aefdbf204103e459ec2ca9619d0,2020-02-12 11:55:37
ab8ff7c2db330010d17be1c2ca961938,2020-05-11 10:31:13
abbdda27db3604103e459ec2ca961922,2020-02-12 12:19:06
abbfea9fdbfe4010d17be1c2ca961933,2020-02-11 18:59:14
abccb463dba6c090d17be1c2ca96197d,2020-02-18 15:26:06
ac0d42e3dbf204103e459ec2ca9619c6,2020-02-12 11:05:58
ac3eca67dbf204103e459ec2ca961930,2020-02-12 11:11:09
acdfea8bdbae00903e459ec2ca9619e5,2020-03-30 07:29:57
ad0d8036dba20090d17be1c2ca961973,2020-01-28 07:35:39
ad0dcff7db360410d17be1c2ca9619b7,2020-02-13 10:24:08
ad36e86bdb26c090d17be1c2ca961907,2020-01-30 17:21:08
ad73928a4fcd538039697f75f110c7ad,2018-07-17 10:43:49
ae066ea3db72c010d17be1c2ca961955,2020-02-12 12:55:21
ae06fae3dbb604103e459ec2ca9619f8,2020-02-12 14:05:14
ae36bee3dbb604103e459ec2ca96195b,2020-02-12 14:06:03
ae39a698dbc3c4103e459ec2ca9619c6,2020-02-14 21:04:41
ae3e6ca2dbe68c503e459ec2ca961965,2020-01-28 07:21:08
ae76c466db268c503e459ec2ca961961,2020-01-28 07:24:45
ae84f826db66cc50d17be1c2ca9619d2,2020-01-28 07:19:17
ae952993dbf70410d17be1c2ca96193c,2020-04-01 06:54:09
aebe886edb268c503e459ec2ca961929,2020-01-28 07:24:42
aef17d43db6a4090d17be1c2ca961927,2020-02-10 14:23:02
af129a2fdbfe8010d17be1c2ca961982,2020-02-12 11:28:17
af428acfdbfa00103e459ec2ca96193f,2020-02-10 21:02:12
b038f2a7dbb2c010d17be1c2ca9619c4,2020-02-12 14:14:42
b12d2ac7dbae00903e459ec2ca96193e,2020-03-30 07:28:07
b186c466db268c503e459ec2ca9619c7,2020-01-28 07:24:45
b1a57aa3dbb604103e459ec2ca96198a,2020-02-12 14:03:33
b1ad073bdb360410d17be1c2ca9619fd,2020-02-13 10:26:52
b1c36aebdb3604103e459ec2ca9619ec,2020-02-12 12:45:28
b1c851addb8b8810d17be1c2ca96195e,2020-02-18 12:26:15
b21d0627dbf204103e459ec2ca96193e,2020-02-12 11:06:24
b3014ed9dbcb88103e459ec2ca961960,2020-02-17 20:43:06
b3018e1ddbcb88103e459ec2ca9619e0,2020-02-17 20:43:07
b30a68afdb26c090d17be1c2ca961998,2020-01-30 17:37:56
b3553ea3dbb604103e459ec2ca9619d6,2020-02-12 14:02:19
b3689aefdbf204103e459ec2ca961900,2020-02-12 11:55:54
b398a2a3db7604103e459ec2ca9619a3,2020-02-12 13:06:37
b3c34ae7dbb204103e459ec2ca96191e,2020-02-12 10:25:47
b3f68c66db268c503e459ec2ca9619fe,2020-01-28 07:24:45
b412eabfdbbb8410d17be1c2ca9619de,2020-04-03 00:21:30
b46b2e2bdb72c010d17be1c2ca961924,2020-02-12 13:18:42
b492cecfdbfa00103e459ec2ca9619c8,2020-02-10 21:03:24
b5da124fdbea4090d17be1c2ca961917,2020-03-30 07:28:04
b5fd0f3bdb360410d17be1c2ca961948,2020-02-13 10:28:14
b6c46e2fdb3604103e459ec2ca9619c1,2020-02-12 12:49:54
b6cc406adba2cc50d17be1c2ca9619e0,2020-01-28 07:24:43
b705ac6bdb26c090d17be1c2ca9619aa,2020-01-30 17:16:05
b71cae6bdb72c010d17be1c2ca96190c,2020-02-12 13:21:56
b71d0036dba20090d17be1c2ca9619b1,2020-01-28 07:36:05
b75232afdb7604103e459ec2ca961941,2020-02-12 13:49:11
b7780fb3db360410d17be1c2ca961981,2020-02-13 10:04:21
b780068fdbfa00103e459ec2ca96193c,2020-02-10 20:54:36
b7dcaaabdb72c010d17be1c2ca96191c,2020-02-12 13:25:12
b8aae6d8dbc3c4103e459ec2ca961941,2020-02-14 21:10:51
b961afbbdbbf8410d17be1c2ca961907,2020-04-03 04:55:58
b98d0836dba20090d17be1c2ca9619a5,2020-01-28 07:37:51
b9ef1b7fdb760410d17be1c2ca9619c0,2020-02-13 11:46:38
ba39cbf3db360410d17be1c2ca961999,2020-02-13 10:07:34
ba6e846edb268c503e459ec2ca9619a5,2020-01-28 07:24:43
bb0c568fdbea4090d17be1c2ca96194d,2020-03-30 07:28:05
bb80e752dbdb4c50d17be1c2ca9619b1,2020-03-04 16:30:00
bbb3710fdbaa00903e459ec2ca961943,2020-02-10 13:35:40
bbd2a8fadbe20090d17be1c2ca9619d6,2020-01-28 10:04:06
bbd98c2adb268c503e459ec2ca96199a,2020-01-28 07:24:44
bc08242adb26cc50d17be1c2ca9619f5,2020-01-27 14:55:04
bc12aebfdbbb8410d17be1c2ca961971,2020-04-03 00:23:32
bc7b9a4fdbea4090d17be1c2ca961922,2020-03-30 07:28:04
bca85eefdbf204103e459ec2ca961906,2020-02-12 11:56:47
bcf6caafdbbe8010d17be1c2ca961976,2020-02-12 10:56:26
bd19ceefdbb204103e459ec2ca961910,2020-02-12 10:48:50
bd23b2efdb7604103e459ec2ca9619f8,2020-02-12 13:52:36
bd2a046adb268c503e459ec2ca9619b4,2020-01-28 07:24:44
bd35f03fdb7f08103e459ec2ca961985,2020-05-11 10:31:12
bdabda4fdbea4090d17be1c2ca9619fc,2020-03-30 07:28:04
bde4c2ebdbb204103e459ec2ca961918,2020-02-12 10:30:33
be7c082adba2cc50d17be1c2ca961930,2020-01-28 07:24:43
be838243db3e00103e459ec2ca96197b,2020-02-10 21:07:37
be9f537fdb760410d17be1c2ca9619e6,2020-02-13 11:45:20
beb7782fdb66c090d17be1c2ca9619a4,2020-01-30 18:39:14
bef624e6db26cc50d17be1c2ca9619a9,2020-01-27 14:50:33
beff4ae7dbf204103e459ec2ca9619a7,2020-02-12 11:18:56
bf28c3ffdbb20410d17be1c2ca961955,2020-02-13 10:02:59
bf97f177db7348103e459ec2ca961907,2020-04-02 21:13:47
bfa68866db268c503e459ec2ca96195c,2020-01-28 07:24:45
bfafe68bdbae00903e459ec2ca961927,2020-03-30 07:29:57
bfc803f3db360410d17be1c2ca9619e6,2020-02-13 10:05:43
c0290bf3db360410d17be1c2ca961980,2020-02-13 10:07:06
c08c4923dbe6c090d17be1c2ca96190f,2020-04-03 14:42:30
c0acc8f2dba20090d17be1c2ca961938,2020-01-28 07:33:55
c0fc3d19dbcb88103e459ec2ca961958,2020-02-17 20:25:09
c13fcaa7dbf204103e459ec2ca961922,2020-02-12 11:15:33
c171162fdbfe8010d17be1c2ca961965,2020-02-12 11:25:22
c17d53bbdb760410d17be1c2ca96191a,2020-02-13 11:35:56
c1fb568fdbea4090d17be1c2ca96192d,2020-03-30 07:28:05
c2032647db2e4090d17be1c2ca9619f1,2020-03-30 07:28:05
c2778aefdbbe8010d17be1c2ca961960,2020-02-12 10:41:45
c2ec977bdb760410d17be1c2ca96190d,2020-02-13 11:33:32
c39e6ac3db6e4090d17be1c2ca961966,2020-02-10 14:23:02
c3c4286bdb26c090d17be1c2ca96192e,2020-01-30 17:14:58
c40f0aa7dbf204103e459ec2ca96199a,2020-02-12 11:14:40
c43b1bb7db760410d17be1c2ca9619d9,2020-02-13 11:26:02
c4b4a2c7db2e4090d17be1c2ca9619f5,2020-03-30 07:28:06
c4e57356db1f4c50d17be1c2ca9619c5,2020-03-04 18:03:07
c4ed53bbdb760410d17be1c2ca961926,2020-02-13 11:37:47
c58c4bb7db360410d17be1c2ca96194b,2020-02-13 10:21:53
c5a56066db26cc50d17be1c2ca961949,2020-01-27 14:44:44
c5c94e23dbf204103e459ec2ca96197a,2020-02-12 10:51:47
c5f63796db1f4c50d17be1c2ca9619da,2020-03-04 18:07:49
c5ff6e8bdbae00903e459ec2ca9619db,2020-03-30 07:29:57
c6e0b20fdbae00903e459ec2ca9619ae,2020-03-30 07:29:57
c751522fdbfe8010d17be1c2ca961920,2020-02-12 11:24:57
c8b85faadb7f4010d17be1c2ca9619ae,2020-03-30 07:05:31
c92fb90fdbfa00103e459ec2ca9619f8,2020-02-17 20:14:06
c992acbedba20090d17be1c2ca9619ab,2020-01-28 10:04:06
c9fd75cbdbfa00103e459ec2ca96195c,2020-02-10 20:43:13
ca56c6afdbbe8010d17be1c2ca961901,2020-02-12 10:54:31
ca6c36ebdbb2c010d17be1c2ca961949,2020-02-12 14:33:05
cb22326fdb7604103e459ec2ca96197c,2020-02-12 13:48:19
cb2855bbdbff08103e459ec2ca96196f,2020-04-02 18:56:22
cb3dcff7db360410d17be1c2ca9619c0,2020-02-13 10:25:03
cb4ec267dbf204103e459ec2ca9619e1,2020-02-12 11:11:36
cb5cda8fdbea4090d17be1c2ca96190b,2020-03-30 07:28:05
cb7e477bdb360410d17be1c2ca96195d,2020-02-13 10:30:30
cba3e43edbe20090d17be1c2ca9619b3,2020-01-28 10:04:06
cbaf354fdbfa00103e459ec2ca96198d,2020-02-10 20:50:44
cbdc1ee3db3604103e459ec2ca96196a,2020-02-12 12:15:14
cc14eeebdb3604103e459ec2ca9619c5,2020-02-12 12:46:43
cc543826db66cc50d17be1c2ca9619dd,2020-01-28 07:21:07
cc6c4e67db03c0503e459ec2ca96198f,2020-02-24 21:18:53
cc6e846edb268c503e459ec2ca9619d1,2020-01-28 07:24:43
ccb016ebdbfe8010d17be1c2ca9619dc,2020-02-12 11:22:01
cccbde4fdbea4090d17be1c2ca96195e,2020-03-30 07:28:04
cd12e233dbfb8410d17be1c2ca961989,2020-04-03 00:21:31
cdb3ae6bdb3604103e459ec2ca961905,2020-02-12 12:45:09
ce2c1a8fdbea4090d17be1c2ca961959,2020-03-30 07:28:05
ce498623dbf204103e459ec2ca9619be,2020-02-12 10:49:40
ceaf6414dbe28450d17be1c2ca9619a3,2020-02-10 14:36:15
cec17a2fdb7604103e459ec2ca961908,2020-02-12 13:46:37
cedfa57bdb6ac0903e459ec2ca961905,2020-05-08 07:22:49
cf1c4e67db03c0503e459ec2ca961932,2020-02-24 21:17:44
cf293ee7dbb2c010d17be1c2ca96199d,2020-02-12 14:18:55
cf389c3adb66cc503e459ec2ca9619b5,2020-01-28 10:04:07
cfdc517adb2a0090d17be1c2ca961952,2020-02-10 14:23:02
cfec8cf2dba20090d17be1c2ca9619e3,2020-01-28 07:35:13
cffd2868dba2c450d17be1c2ca961916,2020-02-10 13:35:41
d0672e23db7604103e459ec2ca96190c,2020-02-12 13:01:11
d1296ea3db7604103e459ec2ca961951,2020-02-12 13:08:54
d15b35d5dbcb88103e459ec2ca961982,2020-02-17 20:18:05
d17f9f3fdb760410d17be1c2ca9619f3,2020-02-13 11:44:41
d1f52ea3db72c010d17be1c2ca961904,2020-02-12 12:55:00
d272224adbd30c503e459ec2ca961962,2020-03-03 17:20:15
d28d9a27db3604103e459ec2ca961925,2020-02-12 12:18:11
d2c38643db3e00103e459ec2ca96192c,2020-02-10 21:08:42
d3157b16db1f4c50d17be1c2ca961975,2020-03-04 17:59:47
d3417eebdb7604103e459ec2ca961964,2020-02-12 13:44:31
d3e7d5bbdbff08103e459ec2ca9619ac,2020-04-02 18:55:18
d44de7bbdbb60410d17be1c2ca9619c8,2020-02-13 12:44:58
d47733d6db1f4c50d17be1c2ca96191c,2020-03-04 18:09:57
d4ca68eedba68c503e459ec2ca9619cd,2020-01-28 06:43:39
d4e37ca2db66cc50d17be1c2ca9619a6,2020-01-28 07:21:08
d5963796db1f4c50d17be1c2ca961996,2020-03-04 18:06:12
d5a64aafdbbe8010d17be1c2ca9619bd,2020-02-12 10:55:24
d5f2beafdb7604103e459ec2ca9619bd,2020-02-12 13:51:45
d6400a4fdbfa00103e459ec2ca9619c7,2020-02-25 18:17:37
d6c60c66db268c503e459ec2ca961938,2020-01-28 07:24:45
d6e843f3db360410d17be1c2ca9619fe,2020-02-13 10:06:10
d78eeffbdbb60410d17be1c2ca96192d,2020-02-13 12:50:39
d7d9ce23dbf204103e459ec2ca961989,2020-02-12 10:52:12
d8decc6edb268c503e459ec2ca961980,2020-01-28 07:24:42
d93eae0bdbae00903e459ec2ca9619d9,2020-03-30 07:28:07
d9a922d8dbc3c4103e459ec2ca961990,2020-02-14 21:06:30
d9b924aedba68c503e459ec2ca96191a,2020-01-28 06:43:39
da25666fdb3604103e459ec2ca961920,2020-02-12 12:51:30
da4daec7dbae00903e459ec2ca961990,2020-03-30 07:28:07
dac47e63dbb604103e459ec2ca9619bd,2020-02-12 13:59:46
db0a8c23dbe2c090d17be1c2ca961951,2020-01-30 15:19:25
db0baa2ddbcf8810d17be1c2ca961946,2020-02-18 18:25:03
db42e3d2dbdb4c50d17be1c2ca961988,2020-03-04 16:37:36
db4856efdbf204103e459ec2ca9619a6,2020-02-12 11:55:19
db4e2ffbdbb60410d17be1c2ca9619a0,2020-02-13 12:49:30
dbcd0e27dbf204103e459ec2ca9619bd,2020-02-12 11:09:25
dbce06a7dbf204103e459ec2ca961931,2020-02-12 11:13:47
dbcea33fdbb60410d17be1c2ca9619e8,2020-02-13 12:51:43
dc0a8337db360410d17be1c2ca9619bb,2020-02-13 10:10:56
dc39468fdb5fcc503e459ec2ca96195d,2020-04-04 22:45:08
dc44f19adb1a8c10d17be1c2ca96191e,2020-01-21 14:37:58
dc86ec66db26cc50d17be1c2ca961975,2020-01-27 14:48:29
dcd03aebdb7604103e459ec2ca961934,2020-02-12 13:42:24
dd2bc2d2db9a8c10d17be1c2ca9619a2,2020-01-21 14:37:58
dd432cfadbe20090d17be1c2ca9619c4,2020-01-28 10:04:06
dd4d96eddb8f8810d17be1c2ca961977,2020-02-18 17:24:56
dd6847b3db360410d17be1c2ca9619ec,2020-02-13 10:03:54
dd7ec3b3dbfb8410d17be1c2ca96194c,2020-04-03 03:33:12
dda2f1c3db6a4090d17be1c2ca9619ee,2020-02-10 14:23:02
ddb8947adb66cc503e459ec2ca961916,2020-01-28 10:04:07
ddcecc6edb268c503e459ec2ca961978,2020-01-28 07:24:42
de05e40fdb7600103e459ec2ca96193d,2020-05-08 07:23:14
de3ac9bedb53cc50d17be1c2ca961973,2020-03-05 18:50:06
de554d5adbef80103e459ec2ca96198c,2020-03-16 15:27:34
de62566fdbfe8010d17be1c2ca961909,2020-02-12 11:29:33
de6acdafdba6c090d17be1c2ca9619b0,2020-01-30 19:59:17
de790337db360410d17be1c2ca961904,2020-02-13 10:08:37
df55660bdb2e4090d17be1c2ca96196c,2020-03-30 07:28:06
df7d6fbbdbb60410d17be1c2ca96194e,2020-02-13 12:45:58
df96b627dbb604103e459ec2ca96196f,2020-02-12 14:07:44
dfad1e27db3604103e459ec2ca961991,2020-02-12 12:18:47
e004c8a94f66fb405e1a3d728110c7e2,2019-07-09 13:32:41
e0989aefdbf204103e459ec2ca961918,2020-02-12 11:56:30
e0a3033bdb4304503e459ec2ca9619a3,2020-05-08 07:19:55
e189c42adb268c503e459ec2ca961974,2020-01-28 07:24:44
e1c3e83edbe20090d17be1c2ca961941,2020-01-28 10:04:06
e1cde8eedba68c503e459ec2ca961929,2020-01-28 07:21:09
e1de32afdbb2c010d17be1c2ca961978,2020-02-12 14:43:42
e1e8187adb66cc503e459ec2ca96197b,2020-01-28 10:04:07
e25a4063dbe2c090d17be1c2ca96191b,2020-01-30 15:19:25
e2a9482adb268c503e459ec2ca9619fd,2020-01-28 07:24:44
e2f1fa2fdb7604103e459ec2ca9619d3,2020-02-12 13:47:28
e2f89223db3604103e459ec2ca96191c,2020-02-12 11:58:16
e3300db9dbf740103e459ec2ca961930,2020-03-27 12:14:28
e33c4d23dbe6c090d17be1c2ca961903,2020-01-30 20:07:17
e3444aabdbb204103e459ec2ca961930,2020-02-12 10:27:57
e399e4aedba68c503e459ec2ca96196b,2020-01-28 06:43:39
e41aacaedba68c503e459ec2ca961903,2020-01-28 06:43:39
e4858eebdbb204103e459ec2ca961915,2020-02-12 10:33:12
e48e086edb268c503e459ec2ca9619b2,2020-01-28 07:24:43
e5b6ba27dbb604103e459ec2ca96192c,2020-02-12 14:08:10
e5e5a0abdb26c090d17be1c2ca961909,2020-01-30 17:19:46
e6153c18dbe28450d17be1c2ca9619c4,2020-02-10 14:23:02
e62ee868dba2c450d17be1c2ca961990,2020-02-10 13:35:41
e63ef9cbdbfa00103e459ec2ca96190b,2020-02-10 20:44:24
e68a0777db360410d17be1c2ca96192f,2020-02-13 10:13:17
e6e01183dbe64090d17be1c2ca961943,2020-02-10 14:23:02
e7e815addb8b8810d17be1c2ca96196e,2020-04-08 11:45:02
e80402abdbb204103e459ec2ca9619e4,2020-02-12 10:26:39
e81ee8a2dbe68c503e459ec2ca96190a,2020-01-28 07:21:08
e8594ca6db268c503e459ec2ca96191d,2020-01-28 07:24:45
e8990a23dbf204103e459ec2ca961988,2020-02-12 10:50:56
e8eb12addb8f8810d17be1c2ca9619d7,2020-02-18 17:18:46
e8f6cc66db268c503e459ec2ca96199a,2020-01-28 07:24:45
e9594ff3db360410d17be1c2ca961989,2020-02-13 10:08:02
e961fc32dbe6cc503e459ec2ca961960,2020-02-10 13:35:41
e9cc937bdb760410d17be1c2ca9619e0,2020-02-13 11:32:57
e9e52ae5dbcf8810d17be1c2ca9619ee,2020-02-18 18:02:32
ea474fdbdbae8090d17be1c2ca961912,2020-02-10 13:35:40
ea50ef7fdb760410d17be1c2ca961957,2020-02-13 11:48:36
ea7ca2f3db0304503e459ec2ca96190f,2020-02-25 18:17:38
eabc9ae3db3604103e459ec2ca96192e,2020-02-12 12:14:38
eb16aea3db72c010d17be1c2ca961910,2020-02-12 12:55:41
ebd90737db360410d17be1c2ca9619eb,2020-02-13 10:10:21
ebfeb1d9dbcb88103e459ec2ca961932,2020-02-17 20:34:05
ec23e247db2e4090d17be1c2ca9619e0,2020-03-30 07:28:05
ec9737d6db1f4c50d17be1c2ca9619dc,2020-03-04 18:10:31
eca60866db268c503e459ec2ca9619ee,2020-01-28 07:24:45
ece52aa3db72c010d17be1c2ca96190f,2020-02-12 12:54:40
ed4a4b37db360410d17be1c2ca9619f5,2020-02-13 10:12:07
ed84246bdb26c090d17be1c2ca9619c7,2020-01-30 17:13:46
eebdc836dba20090d17be1c2ca9619ea,2020-01-28 07:38:43
eec3cd04dba3c0903e459ec2ca9619c0,2020-03-09 15:34:25
ef600befdbb2c010d17be1c2ca961989,2020-02-12 14:50:40
ef64a62fdb3604103e459ec2ca9619d0,2020-02-12 12:48:19
ef6bd2c6dbd30c503e459ec2ca96195b,2020-03-03 16:49:28
efeb637bdbb60410d17be1c2ca9619c6,2020-02-13 12:39:10
f05b1e6ddb8f8810d17be1c2ca96197b,2020-02-18 17:16:22
f0a52a0bdb2e4090d17be1c2ca96197d,2020-03-30 07:28:07
f0e968aedba68c503e459ec2ca961922,2020-01-28 06:43:39
f12b89cfdb1240503e459ec2ca9619c7,2020-01-21 14:37:58
f148f4badb660090d17be1c2ca9619a6,2020-02-10 13:35:41
f14aecaedba68c503e459ec2ca9619b3,2020-01-28 06:43:39
f16d8a27dbf204103e459ec2ca9619c6,2020-02-12 11:07:41
f26d6ec7dbae00903e459ec2ca96199e,2020-03-30 07:28:07
f2fc446adba2cc50d17be1c2ca961949,2020-01-28 07:24:43
f3290623dbf204103e459ec2ca9619f3,2020-02-12 10:49:15
f3486e63db7604103e459ec2ca9619b8,2020-02-12 13:05:15
f3e68ec3db3e00103e459ec2ca961995,2020-02-25 18:10:19
f412ab92dbdb4c50d17be1c2ca961967,2020-03-04 16:36:35
f412eeffdbbb8410d17be1c2ca96199e,2020-04-03 00:19:18
f417aee5dbcf8810d17be1c2ca961938,2020-02-18 18:07:41
f425b1fbdb6ac0903e459ec2ca9619ff,2020-01-31 17:44:27
f514b026db66cc50d17be1c2ca9619ca,2020-01-28 07:21:07
f575bea3dbb604103e459ec2ca9619a1,2020-02-12 14:02:43
f5905eabdbfe8010d17be1c2ca9619e5,2020-02-12 11:21:36
f5bef6f4db2608503e459ec2ca961956,2020-01-22 15:24:08
f67a64eedba68c503e459ec2ca961953,2020-01-28 06:43:39
f683ce03db3e00103e459ec2ca961974,2020-02-10 21:07:38
f68c882adba2cc50d17be1c2ca961998,2020-01-28 07:24:43
f6ab8defdba6c090d17be1c2ca9619da,2020-01-30 20:04:47
f6b9882adb268c503e459ec2ca961977,2020-01-28 07:24:44
f6d52f06db3f8050d17be1c2ca96192e,2020-05-11 10:31:44
f74eeca2dbe68c503e459ec2ca961923,2020-01-28 07:21:08
f75cd73bdb760410d17be1c2ca96198c,2020-02-13 11:31:13
f7ae766fdbb2c010d17be1c2ca9619b1,2020-02-12 14:43:01
f7de39cbdbfa00103e459ec2ca9619fb,2020-02-10 20:47:14
f824e2b3dbfb8410d17be1c2ca961938,2020-04-03 00:28:17
f8366ae5dbcf8810d17be1c2ca9619aa,2020-02-18 18:03:52
f8415eebdbfe8010d17be1c2ca961991,2020-02-12 11:24:32
f89d6fbbdbb60410d17be1c2ca961958,2020-02-13 12:46:21
f89e4c27dbe2c090d17be1c2ca961960,2020-01-30 15:37:52
f8f7183adb66cc503e459ec2ca961928,2020-01-28 10:04:07
fa1c173bdb760410d17be1c2ca9619e2,2020-02-13 11:30:03
fa2d1a0adbd30c503e459ec2ca9619b1,2020-03-03 16:57:04
fa54662fdb3604103e459ec2ca9619b9,2020-02-12 12:47:59
fa9dda27db3604103e459ec2ca961915,2020-02-12 12:18:29
faa9c623dbf204103e459ec2ca961921,2020-02-12 10:51:21
fadbd28fdbea4090d17be1c2ca961931,2020-03-30 07:28:05
fae36eebdb3604103e459ec2ca961932,2020-02-12 12:46:05
fb45266fdb3604103e459ec2ca9619a6,2020-02-12 12:52:09
fbc52aa3db72c010d17be1c2ca961922,2020-02-12 12:54:20
fbca8777db360410d17be1c2ca9619f1,2020-02-13 10:14:28
fbfd0667dbf204103e459ec2ca9619d0,2020-02-12 11:10:17
fc2a520fdbea4090d17be1c2ca961981,2020-03-30 07:28:04
fc5dc436dba20090d17be1c2ca9619d8,2020-01-28 07:37:00
fcbf7dd9dbcb88103e459ec2ca961942,2020-02-28 19:55:07
fce78223dbfe8010d17be1c2ca961922,2020-02-12 10:43:36
fd1a1a92dbda8c10d17be1c2ca9619b5,2020-01-21 14:37:59
fd5e224bdbae00903e459ec2ca961969,2020-03-30 07:28:07
fd74798fdbaa00903e459ec2ca9619fb,2020-02-10 14:23:02
fe08d472db26cc503e459ec2ca9619cc,2020-01-28 10:04:07
fe990337db360410d17be1c2ca961924,2020-02-13 10:09:12
ff454eebdbb204103e459ec2ca96194a,2020-02-12 10:32:20
ff583667dbb2c010d17be1c2ca9619d5,2020-02-12 14:15:26
ffe14acfdbfa00103e459ec2ca961952,2020-02-17 20:05:15
